Role,Mean Hired Emplyees
Analyst,5.041666666666667
Technical,5.041666666666667
Project Manager,3.875
Tax Engineer,8.208333333333334
Tax Technical,18.625
Planning Engineer,3.4583333333333335
